Workbook

Sheet Eredmények
A1: Paraméter | B1: Érték | C1: Indoklás | F1: Összes pont | G1: Éves induló nyugdíj | H1: Havi induló nyugdíj | K1: Megváltoztatott paraméter | L1: Alapértelmezett érték | M1: További értékek
A2: Munkába állás kora (év) | B2: 24 | C2: diploma megszerzés éve, munkakezdés éve | F2: =SUMIF('Éves számolás'!B:B,"<"&B3,'Éves számolás'!E:E) -> 51.263354 | G2: =H2*12 -> 15524971 | H2: =F2*B7 -> 1293747.6 | K2: Nyugdíjkorhatár | L2: =B3 -> 67 | M2: 65 | N2: 66 | O2: 67 | P2: 68 | Q2: 69
A3: Nyugdíjkorhatár (év) | B3: 67 | C3: Várható nyugdíjkorhatár, demográfiai kürölményeknek köszönhetően | K3: Induló havi nyugdíj | L3: =H2 -> 1293747.6 | M3: 1150241.2 | N3: 1220313.6 | O3: 1293747.6 | P3: 1370967.3 | Q3: 1451735.9
A4: Junior éves bér (életkor 24-27) | B4: =12*820000 -> 9840000 | C4: Nyilvános béradatok alapján választott mediánközeli bruttó bér
A5: Halandóság | B5: Férfi | C5: 2020-as magyar férfi halandósági tábla alapján | K5: Induló éves átlag bruttó bér | L5: =B4 -> 9840000 | M5: 9000000 | N5: 9420000 | O5: 9840000 | P5: 10260000 | Q5: 10680000
A6: Inflációs érték | B6: 0.03 | C6: MNB középtávú inflációs cél | K6: Induló havi nyugdíj | L6: =L3 -> 1293747.6 | M6: 1183305.7 | N6: 1238526.7 | O6: 1293747.6 | P6: 1348968.5 | Q6: 1404189.5
A7: Induló pont érték - 2071 | B7: =VLOOKUP(B3+2004,'Átlagos nyugdíj tábla'!A1:C106,2,FALSE)/B8 -> 25237.28 | C7: 2071-es várharó nyugdíj és az átlag pontszám hányadosa
A8: Átlag pontszám | B8: 37.4 | C8: Eurostat adati alapján a Magyaroszágon élő lakosok átlagos munkaéveinek száma | K8: Átlagpontszám | L8: =B8 -> 37.4 | M8: 35.4 | N8: 36.4 | O8: 37.4 | P8: 38.4 | Q8: 39.4
K9: Induló havi nyugdíj | L9: =L6 -> 1293747.6 | M9: 1366840.7 | N9: 1329290.1 | O9: 1293747.6 | P9: 1260056.3 | Q9: 1228075.1
K11: Inflációs érték | L11: =B6 -> 0.03 | M11: 0.02 | N11: 0.025 | O11: 0.03 | P11: 0.035 | Q11: 0.04
K12: Induló havi nyugdíj | L12: =L9 -> 1293747.6 | M12: 825933.58 | N12: 1034272.6 | O12: 1293747.6 | P12: 1616565.5 | Q12: 2017766.1

Sheet Érzékenység vizsgálat
A1: Megváltoztatott paraméter | B1: Alapértelmezett érték | C1: További értékek
A3: Nyugdíjkorhatár | B3: =Eredmények!L2 -> 67 | C3: =Eredmények!M2 -> 65 | D3: =Eredmények!N2 -> 66 | E3: =Eredmények!O2 -> 67 | F3: =Eredmények!P2 -> 68 | G3: =Eredmények!Q2 -> 69
A4: Induló havi nyugdíj | B4: =Eredmények!L3 -> 1293747.6 | C4: =Eredmények!M3 -> 1150241.2 | D4: =Eredmények!N3 -> 1220313.6 | E4: =Eredmények!O3 -> 1293747.6 | F4: =Eredmények!P3 -> 1370967.3 | G4: =Eredmények!Q3 -> 1451735.9
A6: Induló éves átlag bruttó bér | B6: =Eredmények!L5 -> 9840000 | C6: =Eredmények!M5 -> 9000000 | D6: =Eredmények!N5 -> 9420000 | E6: =Eredmények!O5 -> 9840000 | F6: =Eredmények!P5 -> 10260000 | G6: =Eredmények!Q5 -> 10680000
A7: Induló havi nyugdíj | B7: =Eredmények!L6 -> 1293747.6 | C7: =Eredmények!M6 -> 1183305.7 | D7: =Eredmények!N6 -> 1238526.7 | E7: =Eredmények!O6 -> 1293747.6 | F7: =Eredmények!P6 -> 1348968.5 | G7: =Eredmények!Q6 -> 1404189.5
A9: Átlagpontszám | B9: =Eredmények!L8 -> 37.4 | C9: =Eredmények!M8 -> 35.4 | D9: =Eredmények!N8 -> 36.4 | E9: =Eredmények!O8 -> 37.4 | F9: =Eredmények!P8 -> 38.4 | G9: =Eredmények!Q8 -> 39.4
A10: Induló havi nyugdíj | B10: =Eredmények!L9 -> 1293747.6 | C10: =Eredmények!M9 -> 1366840.7 | D10: =Eredmények!N9 -> 1329290.1 | E10: =Eredmények!O9 -> 1293747.6 | F10: =Eredmények!P9 -> 1260056.3 | G10: =Eredmények!Q9 -> 1228075.1
A12: Inflációs érték | B12: =Eredmények!L11 -> 0.03 | C12: =Eredmények!M11 -> 0.02 | D12: =Eredmények!N11 -> 0.025 | E12: =Eredmények!O11 -> 0.03 | F12: =Eredmények!P11 -> 0.035 | G12: =Eredmények!Q11 -> 0.04
A13: Induló havi nyugdíj | B13: =Eredmények!L12 -> 1293747.6 | C13: =Eredmények!M12 -> 825933.58 | D13: =Eredmények!N12 -> 1034272.6 | E13: =Eredmények!O12 -> 1293747.6 | F13: =Eredmények!P12 -> 1616565.5 | G13: =Eredmények!Q12 -> 2017766.1

Sheet Éves számolás
A1: Év | B1: Életkor | C1: Éves bruttó bér | D1: Éves átlag bruttó bér | E1: Éves pont
A2: =INT((ROW(A1)-1)/12+2028) -> 2028 | B2: 24 | C2: =Eredmények!B4 -> 9840000 | D2: ='Átlagbér tábla'!B70*12 -> 10364070 | E2: =C2/D2 -> 0.949434
A3: =A2+1 -> 2029 | B3: =B2+1 -> 25 | C3: =C2*('Átlagbér tábla'!C69+1%+IF(I3<0.5,-J3/100,K3/100)) -> 10561830 | D3: ='Átlagbér tábla'!B71*12 -> 11089554 | E3: =C3/D3 -> 0.95241247 | I3: 0.4128902 | J3: 0.66432954 | K3: 0.55871136
A4: =A3+1 -> 2030 | B4: =B3+1 -> 26 | C4: =C3*('Átlagbér tábla'!C70+1%+IF(I4<0.5,-J4/100,K4/100)) -> 11333624 | D4: ='Átlagbér tábla'!B72*12 -> 11865823 | E4: =C4/D4 -> 0.95514857 | I4: 0.47645486 | J4: 0.69260931 | K4: 0.28981695
A5: =A4+1 -> 2031 | B5: =B4+1 -> 27 | C5: =C4*('Átlagbér tábla'!C71+1%+IF(I5<0.5,-J5/100,K5/100)) -> 12301237 | D5: ='Átlagbér tábla'!B73*12 -> 12518444 | E5: =C5/D5 -> 0.98264907 | I5: 0.78806623 | J5: 0.30836665 | K5: 0.53754084
A6: =A5+1 -> 2032 | B6: =B5+1 -> 28 | C6: =C5*('Átlagbér tábla'!C72+1%+IF(I6<0.5,-J6/100,K6/100)) -> 13166372 | D6: ='Átlagbér tábla'!B74*12 -> 13206958 | E6: =C6/D6 -> 0.99692693 | I6: 0.32742087 | J6: 0.96708879 | K6: 0.94168927
A7: =A6+1 -> 2033 | B7: =B6+1 -> 29 | C7: =C6*('Átlagbér tábla'!C73+1%+IF(I7<0.5,-J7/100,K7/100)) -> 13980670 | D7: ='Átlagbér tábla'!B75*12 -> 13933341 | E7: =C7/D7 -> 1.0033968 | I7: 0.29965672 | J7: 0.31532089 | K7: 0.58741913
A8: =A7+1 -> 2034 | B8: =B7+1 -> 30 | C8: =C7*('Átlagbér tábla'!C74+1%+IF(I8<0.5,-J8/100,K8/100)) -> 14931978 | D8: ='Átlagbér tábla'!B76*12 -> 14699674 | E8: =C8/D8 -> 1.0158033 | I8: 0.76448529 | J8: 0.18714703 | K8: 0.30445444
A9: =A8+1 -> 2035 | B9: =B8+1 -> 31 | C9: =C8*('Átlagbér tábla'!C75+1%+IF(I9<0.5,-J9/100,K9/100)) -> 15910680 | D9: ='Átlagbér tábla'!B77*12 -> 15508156 | E9: =C9/D9 -> 1.0259556 | I9: 0.86444631 | J9: 0.10910515 | K9: 0.05440297
A10: =A9+1 -> 2036 | B10: =B9+1 -> 32 | C10: =C9*('Átlagbér tábla'!C76+1%+IF(I10<0.5,-J10/100,K10/100)) -> 16853360 | D10: ='Átlagbér tábla'!B78*12 -> 16361105 | E10: =C10/D10 -> 1.0300869 | I10: 0.14498164 | J10: 0.57517612 | K10: 0.067946431
A11: =A10+1 -> 2037 | B11: =B10+1 -> 33 | C11: =C10*('Átlagbér tábla'!C77+1%+IF(I11<0.5,-J11/100,K11/100)) -> 18103321 | D11: ='Átlagbér tábla'!B79*12 -> 17260966 | E11: =C11/D11 -> 1.0488012 | I11: 0.95798865 | J11: 0.97564995 | K11: 0.91668664
A12: =A11+1 -> 2038 | B12: =B11+1 -> 34 | C12: =C11*('Átlagbér tábla'!C78+1%+IF(I12<0.5,-J12/100,K12/100)) -> 19127489 | D12: ='Átlagbér tábla'!B80*12 -> 18210319 | E12: =C12/D12 -> 1.0503654 | I12: 0.38018755 | J12: 0.84264963 | K12: 0.35343356
A13: =A12+1 -> 2039 | B13: =B12+1 -> 35 | C13: =C12*('Átlagbér tábla'!C79+1%+IF(I13<0.5,-J13/100,K13/100)) -> 20424259 | D13: ='Átlagbér tábla'!B81*12 -> 19211887 | E13: =C13/D13 -> 1.0631053 | I13: 0.58883394 | J13: 0.31563213 | K13: 0.27961276
A14: =A13+1 -> 2040 | B14: =B13+1 -> 36 | C14: =C13*('Átlagbér tábla'!C80+1%+IF(I14<0.5,-J14/100,K14/100)) -> 21735308 | D14: ='Átlagbér tábla'!B82*12 -> 20268540 | E14: =C14/D14 -> 1.0723667 | I14: 0.15628553 | J14: 0.080922385 | K14: 0.20514962
... A46: =A45+1 -> 2072 | B46: =B45+1 -> 68 | C46: =C45*('Átlagbér tábla'!C112+1%+IF(I46<0.5,-J46/100,K46/100)) -> 1.0526941e+08 | D46: ='Átlagbér tábla'!B114*12 -> 71103230 | E46: =C46/D46 -> 1.4805152 | I46: 0.39647069 | J46: 0.78918832 | K46: 0.65922164

Sheet Átlagos nyugdíj tábla
A1: Év | B1: Átlagos havi nyugdíj | C1: Éves növekedési faktor | E1: Átlagos emelkedési ráta | F1: Átlagos éves növekedési ráta
A2: 2000 | B2: 35931 | C2: 1 | E2: =GEOMEAN(C3:C27) -> 1.0793376 | F2: =E2-1 -> 0.079337584
A3: 2001 | B3: 41002 | C3: =B3/B2 -> 1.1411316 | I3: 2026 | J3: 2030 | K3: 0.07
A4: 2002 | B4: 47561 | C4: =B4/B3 -> 1.1599678 | I4: 2031 | J4: 2040 | K4: 0.055
A5: 2003 | B5: 54905 | C5: =B5/B4 -> 1.1544122 | I5: 2041 | J5: {=LOOKUP(2,1/(A:A<>""),A:A)} -> 2104 | K5: 0.04
A6: 2004 | B6: 60962 | C6: =B6/B5 -> 1.1103178
A7: 2005 | B7: 67182 | C7: =B7/B6 -> 1.1020308
A8: 2006 | B8: 72161 | C8: =B8/B7 -> 1.0741121
A9: 2007 | B9: 78577 | C9: =B9/B8 -> 1.0889123
A10: 2008 | B10: 87482 | C10: =B10/B9 -> 1.1133283
A11: 2009 | B11: 93256 | C11: =B11/B10 -> 1.0660021
A12: 2010 | B12: 98804 | C12: =B12/B11 -> 1.0594922
A13: 2011 | B13: 104014 | C13: =B13/B12 -> 1.0527307
A14: 2012 | B14: 104610 | C14: =B14/B13 -> 1.00573
A15: 2013 | B15: 112781 | C15: =B15/B14 -> 1.0781092
A16: 2014 | B16: 115786 | C16: =B16/B15 -> 1.0266446
A17: 2015 | B17: 118439 | C17: =B17/B16 -> 1.022913
... A27: 2025 | B27: 242327 | C27: =B27/B26 -> 1.0493072
A28: 2026 | B28: =B27*(1+Eredmények!$B$6) -> 249596.81 | C28: =B28/B27 -> 1.03
A29: 2027 | B29: =B28*(1+Eredmények!$B$6) -> 257084.71 | C29: =B29/B28 -> 1.03
A30: 2028 | B30: =B29*(1+Eredmények!$B$6) -> 264797.26 | C30: =B30/B29 -> 1.03
A31: 2029 | B31: =B30*(1+Eredmények!$B$6) -> 272741.17 | C31: =B31/B30 -> 1.03
A32: 2030 | B32: =B31*(1+Eredmények!$B$6) -> 280923.41 | C32: =B32/B31 -> 1.03
A33: 2031 | B33: =B32*(1+Eredmények!$B$6) -> 289351.11 | C33: =B33/B32 -> 1.03
A34: 2032 | B34: =B33*(1+Eredmények!$B$6) -> 298031.64 | C34: =B34/B33 -> 1.03
A35: 2033 | B35: =B34*(1+Eredmények!$B$6) -> 306972.59 | C35: =B35/B34 -> 1.03
A36: 2034 | B36: =B35*(1+Eredmények!$B$6) -> 316181.77 | C36: =B36/B35 -> 1.03
A37: 2035 | B37: =B36*(1+Eredmények!$B$6) -> 325667.22 | C37: =B37/B36 -> 1.03
A38: 2036 | B38: =B37*(1+Eredmények!$B$6) -> 335437.24 | C38: =B38/B37 -> 1.03
A39: 2037 | B39: =B38*(1+Eredmények!$B$6) -> 345500.36 | C39: =B39/B38 -> 1.03
... A106: 2104 | B106: =B105*(1+Eredmények!$B$6) -> 2503471 | C106: =B106/B105 -> 1.03

Sheet Átlagbér tábla
A1: Év | B1: Átlagbér | C1: Éves növekedési faktor | E1: Átlagos emelkedési ráta | F1: Átlagos éves növekedési ráta | H1: Utolsó 25 év átlagos emelkedési ráta | I1: Átlagos éves növekedésiráta | K1: Konzervatív előrejelzéshez
A2: 1960 | B2: 1575 | C2: 1 | E2: =GEOMEAN(C3:C67) -> 1.0984577 | F2: =E2-1 -> 0.098457709 | H2: =GEOMEAN(C43:C67) -> 1.0869732 | I2: =H2-1 -> 0.086973169 | K2: Évtől | L2: Évig | M2: Növekedési ráta
A3: 1961 | B3: 1599 | C3: =IF(A3<$K$3,B3/B2,IF(A3<$K$4,1+$M$3,IF(A3<$K$5,1+$M$4,1+$M$5))) -> 1.0152381 | K3: 2026 | L3: 2030 | M3: 0.07
A4: 1962 | B4: 1638 | C4: =IF(A4<$K$3,B4/B3,IF(A4<$K$4,1+$M$3,IF(A4<$K$5,1+$M$4,1+$M$5))) -> 1.0243902 | K4: 2031 | L4: 2040 | M4: 0.055
A5: 1963 | B5: 1702 | C5: =IF(A5<$K$3,B5/B4,IF(A5<$K$4,1+$M$3,IF(A5<$K$5,1+$M$4,1+$M$5))) -> 1.039072 | K5: 2041 | L5: {=LOOKUP(2,1/(A:A<>""),A:A)} -> 2080 | M5: 0.04
A6: 1964 | B6: 1757 | C6: =IF(A6<$K$3,B6/B5,IF(A6<$K$4,1+$M$3,IF(A6<$K$5,1+$M$4,1+$M$5))) -> 1.0323149
A7: 1965 | B7: 1766 | C7: =IF(A7<$K$3,B7/B6,IF(A7<$K$4,1+$M$3,IF(A7<$K$5,1+$M$4,1+$M$5))) -> 1.0051224
A8: 1966 | B8: 1856 | C8: =IF(A8<$K$3,B8/B7,IF(A8<$K$4,1+$M$3,IF(A8<$K$5,1+$M$4,1+$M$5))) -> 1.0509626
A9: 1967 | B9: 1915 | C9: =IF(A9<$K$3,B9/B8,IF(A9<$K$4,1+$M$3,IF(A9<$K$5,1+$M$4,1+$M$5))) -> 1.0317888
A10: 1968 | B10: 1928 | C10: =IF(A10<$K$3,B10/B9,IF(A10<$K$4,1+$M$3,IF(A10<$K$5,1+$M$4,1+$M$5))) -> 1.0067885
A11: 1969 | B11: 2012 | C11: =IF(A11<$K$3,B11/B10,IF(A11<$K$4,1+$M$3,IF(A11<$K$5,1+$M$4,1+$M$5))) -> 1.0435685
A12: 1970 | B12: 2222 | C12: =IF(A12<$K$3,B12/B11,IF(A12<$K$4,1+$M$3,IF(A12<$K$5,1+$M$4,1+$M$5))) -> 1.1043738
A13: 1971 | B13: 2325 | C13: =IF(A13<$K$3,B13/B12,IF(A13<$K$4,1+$M$3,IF(A13<$K$5,1+$M$4,1+$M$5))) -> 1.0463546
A14: 1972 | B14: 2450 | C14: =IF(A14<$K$3,B14/B13,IF(A14<$K$4,1+$M$3,IF(A14<$K$5,1+$M$4,1+$M$5))) -> 1.0537634
A15: 1973 | B15: 2629 | C15: =IF(A15<$K$3,B15/B14,IF(A15<$K$4,1+$M$3,IF(A15<$K$5,1+$M$4,1+$M$5))) -> 1.0730612
A16: 1974 | B16: 2831 | C16: =IF(A16<$K$3,B16/B15,IF(A16<$K$4,1+$M$3,IF(A16<$K$5,1+$M$4,1+$M$5))) -> 1.0768353
A17: 1975 | B17: 3018 | C17: =IF(A17<$K$3,B17/B16,IF(A17<$K$4,1+$M$3,IF(A17<$K$5,1+$M$4,1+$M$5))) -> 1.0660544
... A67: 2025 | B67: 705014 | C67: =IF(A67<$K$3,B67/B66,IF(A67<$K$4,1+$M$3,IF(A67<$K$5,1+$M$4,1+$M$5))) -> 1.0902812
A68: =A67+1 -> 2026 | B68: =B67*C68 -> 754364.98 | C68: =IF(A68<$K$3,B68/B67,IF(A68<$K$4,1+$M$3,IF(A68<$K$5,1+$M$4,1+$M$5))) -> 1.07
A69: =A68+1 -> 2027 | B69: =B68*C69 -> 807170.53 | C69: =IF(A69<$K$3,B69/B68,IF(A69<$K$4,1+$M$3,IF(A69<$K$5,1+$M$4,1+$M$5))) -> 1.07
A70: =A69+1 -> 2028 | B70: =B69*C70 -> 863672.47 | C70: =IF(A70<$K$3,B70/B69,IF(A70<$K$4,1+$M$3,IF(A70<$K$5,1+$M$4,1+$M$5))) -> 1.07
A71: =A70+1 -> 2029 | B71: =B70*C71 -> 924129.54 | C71: =IF(A71<$K$3,B71/B70,IF(A71<$K$4,1+$M$3,IF(A71<$K$5,1+$M$4,1+$M$5))) -> 1.07
A72: =A71+1 -> 2030 | B72: =B71*C72 -> 988818.61 | C72: =IF(A72<$K$3,B72/B71,IF(A72<$K$4,1+$M$3,IF(A72<$K$5,1+$M$4,1+$M$5))) -> 1.07
A73: =A72+1 -> 2031 | B73: =B72*C73 -> 1043203.6 | C73: =IF(A73<$K$3,B73/B72,IF(A73<$K$4,1+$M$3,IF(A73<$K$5,1+$M$4,1+$M$5))) -> 1.055
A74: =A73+1 -> 2032 | B74: =B73*C74 -> 1100579.8 | C74: =IF(A74<$K$3,B74/B73,IF(A74<$K$4,1+$M$3,IF(A74<$K$5,1+$M$4,1+$M$5))) -> 1.055
A75: =A74+1 -> 2033 | B75: =B74*C75 -> 1161111.7 | C75: =IF(A75<$K$3,B75/B74,IF(A75<$K$4,1+$M$3,IF(A75<$K$5,1+$M$4,1+$M$5))) -> 1.055
A76: =A75+1 -> 2034 | B76: =B75*C76 -> 1224972.9 | C76: =IF(A76<$K$3,B76/B75,IF(A76<$K$4,1+$M$3,IF(A76<$K$5,1+$M$4,1+$M$5))) -> 1.055
A77: =A76+1 -> 2035 | B77: =B76*C77 -> 1292346.4 | C77: =IF(A77<$K$3,B77/B76,IF(A77<$K$4,1+$M$3,IF(A77<$K$5,1+$M$4,1+$M$5))) -> 1.055
A78: =A77+1 -> 2036 | B78: =B77*C78 -> 1363425.4 | C78: =IF(A78<$K$3,B78/B77,IF(A78<$K$4,1+$M$3,IF(A78<$K$5,1+$M$4,1+$M$5))) -> 1.055
A79: =A78+1 -> 2037 | B79: =B78*C79 -> 1438413.8 | C79: =IF(A79<$K$3,B79/B78,IF(A79<$K$4,1+$M$3,IF(A79<$K$5,1+$M$4,1+$M$5))) -> 1.055
... A122: =A121+1 -> 2080 | B122: =B121*C122 -> 8109140 | C122: =IF(A122<$K$3,B122/B121,IF(A122<$K$4,1+$M$3,IF(A122<$K$5,1+$M$4,1+$M$5))) -> 1.04
